Product Category,Purchases,Total_Sales_USD,Average_Purchase_USD,Average_Rating,Frequency_Score,Rating_Score,Purchase_Amount_Score,Taiwan_Market_Potential_Score
Bags & Accessories,639,64609,101.1,3.0,100.0,100.0,0.0,75.0
Outerwear,349,37543,107.6,3.0,46.19666048237477,100.0,46.099290780141814,62.3
Footwear,267,29470,110.4,3.0,30.983302411873844,100.0,65.95744680851068,60.4
Loungewear & Seasonal,100,11519,115.2,3.0,0.0,100.0,100.0,55.0
Dresses & One-Piece,271,28530,105.3,3.0,31.72541743970315,100.0,29.787234042553195,51.7
Tops,519,57012,109.8,2.9,77.73654916512059,0.0,61.702127659574444,50.4
Bottoms,308,31531,102.4,3.0,38.5899814471243,100.0,9.219858156028444,49.7
